{
    "lr": 6.784292459046897e-05,
    "weight_decay": 0.00013858849651110877,
    "dropout_rate": 0.313977730486625,
    "batch_size": 16,
    "flip_p": 0.6464796243208715,
    "brightness_p": 0.4652172584114009,
    "noise_p": 0.2542681263548501,
    "compression_p": 0.400378458078973,
    "dropout_p": 0.1912157613506834
}